sample_id,Soft_Segment_Content,Furan_Content,Maleimide_Content,Hard_Segment_Content,NCO_OH_Ratio,Extra_Crosslinker_Content,Furan_Type,Network_Topology,Add_Crosslinker_Flag,Polyol_Class,Iso_Class,Extender_Class,Soft_Mw,Constraint_Factor,Hard_Symmetry,Soft_Cryst,Synergy_Feature,poly_tem,strain_rate,healing_temperature,healing_time,tensile_strength,elongation,healing_eff
DAG-PU-1,0.6651,0.0,0.0,0.3349,1.3333,0.0,0.0,0.0,0.0,0.0,0.0,0.0,1000.0,0.0003,0.0,1.0,0.0,60.0,0.0,100.0,24.0,19.5,1039.7,90.0
DAG-PU-2,0.6353,0.0,0.0,0.3647,1.3846,0.0,0.0,0.0,0.0,0.0,0.0,0.0,1000.0,0.0004,0.0,1.0,0.0,60.0,0.0,100.0,24.0,28.6,717.3,90.0
DAG-PU-3,0.6082,0.0,0.0,0.3918,1.4286,0.0,0.0,0.0,0.0,0.0,0.0,0.0,1000.0,0.0004,0.0,1.0,0.0,80.0,0.0,100.0,24.0,45.0,567.3,91.0
BQDU-CPU,0.5592,0.0,0.0,0.4078,1.0,0.033,0.0,0.0,1.0,0.0,0.0,1.0,1000.0,0.0004,0.0,1.0,0.0,80.0,0.0,130.0,48.0,22.9,1033.1,43.5
DAG-LPU-3,0.7487,0.0,0.0,0.2513,1.0,0.0,0.0,0.0,0.0,0.0,0.0,0.0,1000.0,0.0003,0.0,1.0,0.0,60.0,0.0,75.0,24.0,15.7,738.7,89.0
DAG-LPU-2,0.701,0.0,0.0,0.299,1.0,0.0,0.0,0.0,0.0,0.0,0.0,0.0,1000.0,0.0003,0.0,1.0,0.0,60.0,0.0,75.0,24.0,26.3,701.5,99.0
DAG-LPU-1,0.6399,0.0,0.0,0.3601,1.0,0.0,0.0,0.0,0.0,0.0,0.0,0.0,1000.0,0.0004,0.0,1.0,0.0,60.0,0.0,75.0,24.0,40.3,531.9,87.0
SPU1,0.488,0.0625,0.0175,0.432,0.9677,0.0,1.0,1.0,0.0,0.0,0.0,0.0,1000.0,0.0004,0.0,1.0,0.0,60.0,0.0,60.0,6.0,24.3,1109.3,87.6
SPU2,0.4796,0.0615,0.0344,0.4245,0.9375,0.0,1.0,1.0,0.0,0.0,0.0,0.0,1000.0,0.0004,0.0,1.0,0.0,60.0,0.0,60.0,6.0,28.1,812.8,
SPU4,0.4637,0.0594,0.0665,0.4104,0.8824,0.0,1.0,1.0,0.0,0.0,0.0,0.0,1000.0,0.0004,0.0,1.0,0.0,60.0,0.0,60.0,6.0,38.1,628.7,
SPU5,0.4561,0.0584,0.0817,0.4037,0.8571,0.0,1.0,1.0,0.0,0.0,0.0,0.0,1000.0,0.0004,0.0,1.0,0.0,100.0,0.0,60.0,6.0,39.2,560.1,
DA-DPU-PCL2000,0.6117,0.0392,0.1096,0.2395,0.75,0.0,1.0,1.0,0.0,1.0,0.0,0.0,2000.0,0.0001,0.0,1.0,0.0,100.0,0.0,0.0,2.0,15.0,1000.0,
TCPUA-O,0.5847,0.0688,0.1048,0.2417,0.5926,0.0,2.0,0.0,0.0,1.0,1.0,0.0,1000.0,0.0002,1.0,1.0,0.5847,100.0,0.0,0.0,0.0,19.0,664.36,
TCPUA-A,0.5912,0.058,0.1059,0.2448,0.6,0.0,2.0,0.0,0.0,1.0,1.0,0.0,1000.0,0.0002,1.0,1.0,0.5912,100.0,0.0,0.0,0.0,20.01,489.6,
TCPUA-B,0.4836,0.0949,0.1733,0.2483,0.5,0.0,2.0,0.0,0.0,1.0,1.0,0.0,1000.0,0.0002,1.0,1.0,0.4836,100.0,0.0,0.0,0.0,38.77,355.31,
TCPUA-B-20%,0.387,0.0759,0.1387,0.3985,0.321,0.0,2.0,0.0,0.0,1.0,1.0,0.0,1000.0,0.0004,1.0,1.0,0.387,0.0,0.0,0.0,0.0,33.75,436.44,
TCPUA-C,0.4776,0.0937,0.1711,0.2576,0.5,0.0,2.0,0.0,0.0,1.0,1.0,0.0,1000.0,0.0003,1.0,1.0,0.4776,100.0,0.0,0.0,0.0,17.67,264.34,
TCPUA-E,0.4048,0.1191,0.2176,0.2585,0.4545,0.0,2.0,0.0,0.0,1.0,1.0,0.0,1000.0,0.0003,1.0,1.0,0.4048,100.0,0.0,0.0,0.0,25.46,142.45,
TCPUA-E-5%,0.3846,0.1132,0.2067,0.2955,0.4125,0.0,2.0,0.0,0.0,1.0,1.0,0.0,1000.0,0.0003,1.0,1.0,0.3846,100.0,0.0,0.0,0.0,35.32,213.99,
TCPUA-E-10%,0.3642,0.1072,0.1958,0.3329,0.3737,0.0,2.0,0.0,0.0,1.0,1.0,0.0,1000.0,0.0003,1.0,1.0,0.3642,100.0,0.0,0.0,0.0,30.62,181.63,
TCPUA-E-15%,0.3442,0.1013,0.185,0.3696,0.3388,0.0,2.0,0.0,0.0,1.0,1.0,0.0,1000.0,0.0004,1.0,1.0,0.3442,0.0,0.0,0.0,0.0,30.89,142.78,
TCPUA-E-20%,0.3238,0.0953,0.174,0.4069,0.306,0.0,2.0,0.0,0.0,1.0,1.0,0.0,1000.0,0.0004,1.0,1.0,0.3238,100.0,0.0,0.0,0.0,28.04,132.68,
DA-PU,0.7203,0.035,0.0645,0.1802,0.8,0.0,3.0,1.0,0.0,0.0,1.0,0.0,2000.0,0.0001,1.0,1.0,0.7203,80.0,0.0,0.0,7.0,33.7,500.0,
DA-PU-PTMG1000,0.5336,0.1037,0.0956,0.2671,0.5714,0.0,3.0,0.0,0.0,0.0,1.0,0.0,1000.0,0.0003,1.0,1.0,0.5336,60.0,50.0,120.0,3.0,25.1,565.0,85.0
DA-PU-PTMG-1400,0.6157,0.0854,0.0788,0.2201,0.5714,0.0,3.0,0.0,0.0,0.0,1.0,0.0,1400.0,0.0002,1.0,1.0,0.6157,60.0,50.0,120.0,3.0,22.3,641.0,70.0
DA-PU-PTMG-2000,0.6959,0.0676,0.0623,0.1742,0.5714,0.0,3.0,0.0,0.0,0.0,1.0,0.0,2000.0,0.0001,1.0,1.0,0.6959,60.0,50.0,120.0,3.0,13.3,775.0,64.0
TDI-PUR-DA1,0.6894,0.067,0.1235,0.1201,0.5,0.0,3.0,0.0,0.0,0.0,1.0,0.0,2000.0,0.0001,0.0,0.0,0.0,60.0,25.0,80.0,24.0,5.28,339.0,62.0
TDI-PUR-DA2,0.7114,0.0691,0.0956,0.1239,0.5333,0.0,3.0,0.0,0.0,0.0,1.0,0.0,2000.0,0.0001,0.0,0.0,0.0,60.0,25.0,80.0,24.0,3.65,345.0,58.0
TDI-PUR-DA3,0.7348,0.0714,0.0658,0.128,0.5714,0.0,3.0,0.0,0.0,0.0,1.0,0.0,2000.0,0.0001,0.0,0.0,0.0,60.0,25.0,80.0,24.0,1.96,352.0,54.0
TDI-PUR-DA4,0.7598,0.0738,0.034,0.1323,0.6154,0.0,3.0,0.0,0.0,0.0,1.0,0.0,2000.0,0.0001,0.0,0.0,0.0,60.0,25.0,80.0,24.0,0.91,358.0,53.0
IPDI-PUA-DA1,0.6673,0.0648,0.1196,0.1483,0.5,0.0,3.0,0.0,0.0,0.0,0.0,0.0,2000.0,0.0001,0.0,0.0,0.0,60.0,25.0,80.0,24.0,4.68,392.0,71.0
IPDI-PUA-DA2,0.6879,0.0668,0.0924,0.1529,0.5333,0.0,3.0,0.0,0.0,0.0,0.0,0.0,2000.0,0.0001,0.0,0.0,0.0,60.0,25.0,80.0,24.0,3.23,405.0,67.0
IPDI-PUA-DA3,0.7097,0.0689,0.0636,0.1578,0.5714,0.0,3.0,0.0,0.0,0.0,0.0,0.0,2000.0,0.0001,0.0,0.0,0.0,60.0,25.0,80.0,24.0,1.84,412.0,63.0
IPDI-PUA-DA4,0.733,0.0712,0.0328,0.163,0.6154,0.0,3.0,0.0,0.0,0.0,0.0,0.0,2000.0,0.0001,0.0,0.0,0.0,60.0,25.0,80.0,24.0,0.88,421.0,61.0
DA-SM-PU-0,0.7573,0.0743,0.0,0.1684,0.6667,0.0,2.0,0.0,0.0,1.0,0.0,0.0,2000.0,0.0001,0.0,1.0,0.0,75.0,50.0,120.0,1.0,15.0,680.0,
DA-SM-PU-1,0.7275,0.0714,0.0394,0.1617,0.6098,0.0,2.0,0.0,0.0,1.0,0.0,0.0,2000.0,0.0001,0.0,1.0,0.0,75.0,50.0,120.0,1.0,17.5,905.0,71.4
DA-SM-PU-2,0.6825,0.0669,0.0989,0.1517,0.5333,0.0,2.0,0.0,0.0,1.0,0.0,0.0,2000.0,0.0001,0.0,1.0,0.0,75.0,50.0,120.0,1.0,20.2,1120.0,74.8
DA-SM-PU-3,0.6607,0.0648,0.1276,0.1469,0.5,0.0,2.0,0.0,0.0,1.0,0.0,0.0,2000.0,0.0001,0.0,1.0,0.0,75.0,50.0,120.0,1.0,25.1,1364.0,99.1
MPA,0.5113,0.0502,0.0916,0.347,0.75,0.0,2.0,0.0,0.0,0.0,1.0,0.0,1000.0,0.0003,0.0,0.0,0.0,60.0,50.0,90.0,3.0,9.65,457.52,73.57
PU-BDO,0.6287,0.0,0.0,0.3713,1.0,0.0,0.0,0.0,0.0,1.0,1.0,0.0,1000.0,0.0004,1.0,1.0,0.6287,65.0,50.0,0.0,0.0,12.0,533.0,
PU-BDO-2,0.5113,0.0496,0.1832,0.2559,0.6667,0.0,0.0,0.0,0.0,1.0,1.0,0.0,1000.0,0.0003,1.0,1.0,0.5113,60.0,50.0,120.0,48.0,25.0,440.0,80.0
FPU,0.6568,0.1144,0.0,0.2288,1.0,0.0,3.0,0.0,0.0,0.0,1.0,0.0,1000.0,0.0002,0.0,1.0,0.0,60.0,25.0,0.0,0.0,12.3,546.0,
DA-PU-TDI-FDO-0.25,0.6203,0.1081,0.0556,0.2161,0.8889,0.0,0.0,1.0,0.0,0.0,1.0,0.0,1000.0,0.0002,0.0,1.0,0.0,60.0,25.0,60.0,48.0,12.7,412.0,94.0
DA-PU-TDI-FDO-0.5,0.5876,0.1024,0.1053,0.2047,0.8,0.0,0.0,1.0,0.0,0.0,1.0,0.0,1000.0,0.0002,0.0,1.0,0.0,60.0,25.0,60.0,48.0,14.2,356.0,92.0
DA-PU-TDI-FDO-0.75,0.5583,0.0972,0.15,0.1945,0.7273,0.0,0.0,1.0,0.0,0.0,1.0,0.0,1000.0,0.0002,0.0,1.0,0.0,60.0,25.0,60.0,48.0,14.8,254.0,92.0
DA-PU-TDI-FDO-1,0.5317,0.0926,0.1905,0.1852,0.6667,0.0,0.0,1.0,0.0,0.0,1.0,0.0,1000.0,0.0002,0.0,1.0,0.0,60.0,25.0,60.0,48.0,15.6,162.0,90.0
FAm-DA-PU,0.6519,0.0469,0.0865,0.2147,0.8,0.0,3.0,0.0,0.0,0.0,0.0,0.0,1662.963,0.0001,0.0,0.0,0.0,60.0,500.0,110.0,10.0,8.56,310.0,81.6
L-DAPU-1,0.579,0.1626,0.1297,0.1287,0.381,0.0,3.0,0.0,0.0,1.0,0.0,0.0,2000.0,0.0001,0.0,0.0,0.0,60.0,25.0,60.0,16.0,3.68,820.0,76.0
L-DAPU-2,0.5875,0.165,0.1168,0.1306,0.3914,0.0,3.0,0.0,0.0,1.0,0.0,0.0,2000.0,0.0001,0.0,0.0,0.0,60.0,25.0,60.0,16.0,7.2,667.0,79.0
L-DAPU-3,0.5944,0.167,0.1065,0.1321,0.4,0.0,3.0,0.0,0.0,1.0,0.0,0.0,2000.0,0.0001,0.0,0.0,0.0,60.0,25.0,60.0,16.0,9.66,533.0,81.1
L-DAPU-4,0.588,0.176,0.1054,0.1307,0.3922,0.0,3.0,0.0,0.0,1.0,0.0,0.0,2000.0,0.0001,0.0,0.0,0.0,60.0,25.0,60.0,16.0,8.95,540.0,78.0
L-DAPU-5,0.5817,0.1848,0.1042,0.1293,0.3846,0.0,3.0,0.0,0.0,1.0,0.0,0.0,2000.0,0.0001,0.0,0.0,0.0,60.0,25.0,60.0,16.0,6.07,650.0,73.0
C-DAPU-1,0.535,0.1666,0.1794,0.1189,0.3338,0.0,3.0,0.0,0.0,1.0,0.0,0.0,2000.0,0.0001,0.0,0.0,0.0,60.0,25.0,0.0,0.0,8.86,780.0,
C-DAPU-2,0.5246,0.1633,0.1955,0.1166,0.3226,0.0,3.0,0.0,0.0,1.0,0.0,0.0,2000.0,0.0001,0.0,0.0,0.0,60.0,25.0,0.0,0.0,11.46,733.0,
C-DAPU-3,0.5145,0.1602,0.2109,0.1144,0.3121,0.0,3.0,0.0,0.0,1.0,0.0,0.0,2000.0,0.0001,0.0,0.0,0.0,60.0,25.0,0.0,0.0,9.32,820.0,
C-DAPU-4,0.5048,0.1572,0.2258,0.1122,0.3023,0.0,3.0,0.0,0.0,1.0,0.0,0.0,2000.0,0.0001,0.0,0.0,0.0,60.0,25.0,0.0,0.0,6.47,650.0,
C-DAPU-C%-1,0.5277,0.1603,0.1948,0.1173,0.3252,0.0,3.0,0.0,0.0,1.0,0.0,0.0,2000.0,0.0001,0.0,0.0,0.0,60.0,25.0,0.0,0.0,12.98,600.0,
C-DAPU-C%-2,0.5246,0.1633,0.1955,0.1166,0.3226,0.0,3.0,0.0,0.0,1.0,0.0,0.0,2000.0,0.0001,0.0,0.0,0.0,60.0,25.0,0.0,0.0,13.64,567.0,
C-DAPU-C%-3,0.5215,0.1663,0.1962,0.1159,0.32,0.0,3.0,0.0,0.0,1.0,0.0,0.0,2000.0,0.0001,0.0,0.0,0.0,60.0,25.0,60.0,16.0,14.86,466.0,57.8
C-DAPU-C%-4,0.5185,0.1693,0.1969,0.1153,0.3175,0.0,3.0,0.0,0.0,1.0,0.0,0.0,2000.0,0.0001,0.0,0.0,0.0,60.0,25.0,0.0,0.0,16.62,280.0,
C-DAPU-C%-5,0.5155,0.1723,0.1976,0.1146,0.315,0.0,3.0,0.0,0.0,1.0,0.0,0.0,2000.0,0.0001,0.0,0.0,0.0,60.0,25.0,0.0,0.0,17.12,200.0,
"PU-DA-FGE-FA+1,8-BMI",0.3873,0.2047,0.2358,0.1722,0.4,0.0,3.0,0.0,0.0,0.0,0.0,0.0,1000.0,0.0002,0.0,1.0,0.0,70.0,2.0,70.0,4.0,4.2,305.59,96.74
DA-PU-BMImain_chain-0,0.5253,0.0,0.2,0.2747,0.767,0.0,0.0,0.0,0.0,0.0,1.0,0.0,2000.0,0.0001,1.0,1.0,0.5253,65.0,50.0,180.0,20.0,48.9,853.0,
DA-PU-BMImain_chain-25,0.4987,0.0505,0.1899,0.2608,0.696,0.0,0.0,0.0,0.0,0.0,1.0,0.0,2000.0,0.0001,1.0,1.0,0.4987,65.0,50.0,180.0,20.0,49.1,612.0,
DA-PU-BMImain_chain-50,0.4747,0.0962,0.1808,0.2483,0.637,0.0,0.0,0.0,0.0,0.0,1.0,0.0,2000.0,0.0001,1.0,1.0,0.4747,65.0,50.0,180.0,20.0,42.0,448.0,
DA-PU-BMImain_chain-75,0.453,0.1377,0.1725,0.2369,0.5872,0.0,0.0,0.0,0.0,0.0,1.0,0.0,2000.0,0.0001,1.0,1.0,0.453,65.0,50.0,180.0,20.0,40.0,339.0,
DA-PU-BMImain_chain-100,0.433,0.1756,0.1649,0.2265,0.5446,0.0,0.0,0.0,0.0,0.0,1.0,0.0,2000.0,0.0001,1.0,1.0,0.433,65.0,50.0,180.0,20.0,50.3,304.0,60.0
PU-BDO-UP,0.5254,0.0,0.0,0.4746,0.4428,0.0,0.0,0.0,0.0,0.0,1.0,0.0,2000.0,0.0002,1.0,1.0,0.5254,65.0,50.0,180.0,20.0,49.9,998.0,
PU-BDO-A,0.772,0.0,0.0,0.228,1.0,0.0,0.0,0.0,0.0,0.0,1.0,0.0,2000.0,0.0001,1.0,0.0,0.0,75.0,50.0,120.0,1.0,0.63,248.0,53.0
PU-DA-PPG-R1.5,0.7169,0.0522,0.0963,0.1346,0.4615,0.0,3.0,0.0,0.0,0.0,1.0,0.0,2000.0,0.0001,1.0,0.0,0.0,75.0,50.0,120.0,15.0,2.4,510.0,74.2
PU-DA-PPG-R2.0,0.6551,0.0636,0.1174,0.1639,0.5,0.0,3.0,0.0,0.0,0.0,1.0,0.0,2000.0,0.0001,1.0,0.0,0.0,75.0,50.0,120.0,15.0,6.55,444.0,79.8
PU-DA-PPG-R2.5,0.6031,0.0732,0.1351,0.1886,0.5263,0.0,3.0,0.0,0.0,0.0,1.0,0.0,2000.0,0.0001,1.0,0.0,0.0,75.0,50.0,120.0,15.0,10.09,247.0,35.1
PU-DA-PPG-R2.0-hard2,0.5875,0.0761,0.1404,0.196,0.5,0.0,3.0,0.0,0.0,0.0,1.0,0.0,1500.0,0.0001,1.0,0.0,0.0,75.0,50.0,120.0,15.0,7.57,133.0,55.0
PU-DA-PPG-R2.0-SiO2纳米1,0.574,0.0743,0.1371,0.2145,0.3333,0.0,3.0,0.0,0.0,0.0,1.0,0.0,1500.0,0.0001,1.0,0.0,0.0,75.0,50.0,120.0,15.0,7.36,415.0,78.5
PU-DA-PPG-R2.0-SiO2纳米2,0.5611,0.0727,0.1341,0.2321,0.25,0.0,3.0,0.0,0.0,0.0,1.0,0.0,1500.0,0.0002,1.0,0.0,0.0,75.0,50.0,120.0,15.0,8.55,369.0,70.0
PU-DA-PPG-R2.0-SiO2纳米3,0.5488,0.0711,0.1311,0.249,0.2,0.0,3.0,0.0,0.0,0.0,1.0,0.0,1500.0,0.0002,1.0,0.0,0.0,75.0,50.0,120.0,15.0,2.92,198.0,30.5
PBA-PU-2(热熔胶，自愈合无用),0.5328,0.1035,0.1909,0.1728,0.5,0.0,3.0,0.0,0.0,1.0,0.0,0.0,1000.0,0.0002,1.0,1.0,0.5328,80.0,50.0,0.0,0.0,8.64,240.0,
PBA-PU-2.3(热熔胶，自愈合无用),0.4979,0.1112,0.2052,0.1857,0.5169,0.0,3.0,0.0,0.0,1.0,0.0,0.0,1000.0,0.0002,1.0,1.0,0.4979,80.0,50.0,0.0,0.0,9.02,193.0,
PBA-PU-2.5(热熔胶，自愈合无用),0.4771,0.1158,0.2137,0.1934,0.5263,0.0,3.0,0.0,0.0,1.0,0.0,0.0,1000.0,0.0002,1.0,1.0,0.4771,80.0,50.0,0.0,0.0,9.65,145.0,
PBA-PU-2.7(热熔胶，自愈合无用),0.4579,0.1201,0.2215,0.2005,0.5347,0.0,3.0,0.0,0.0,1.0,0.0,0.0,1000.0,0.0002,1.0,1.0,0.4579,80.0,50.0,0.0,0.0,5.05,151.0,
PBA-PU-3(热熔胶，自愈合无用),0.4319,0.1258,0.2322,0.2101,0.5455,0.0,3.0,0.0,0.0,1.0,0.0,0.0,1000.0,0.0002,1.0,1.0,0.4319,80.0,50.0,0.0,0.0,,,
PTMG-PU-2(热熔胶，自愈合无用),0.5328,0.1035,0.1909,0.1728,0.5,0.0,3.0,0.0,0.0,0.0,0.0,0.0,1000.0,0.0002,1.0,1.0,0.5328,80.0,50.0,0.0,0.0,1.19,403.0,
PTMG-PU-2.3(热熔胶，自愈合无用),0.4979,0.1112,0.2052,0.1857,0.5169,0.0,3.0,0.0,0.0,0.0,0.0,0.0,1000.0,0.0002,1.0,1.0,0.4979,80.0,50.0,0.0,0.0,3.28,293.0,
PTMG-PU-2.5(热熔胶，自愈合无用),0.4771,0.1158,0.2137,0.1934,0.5263,0.0,3.0,0.0,0.0,0.0,0.0,0.0,1000.0,0.0002,1.0,1.0,0.4771,80.0,50.0,0.0,0.0,5.06,190.0,
PTMG-PU-2.7(热熔胶，自愈合无用),0.4579,0.1201,0.2215,0.2005,0.5347,0.0,3.0,0.0,0.0,0.0,0.0,0.0,1000.0,0.0002,1.0,1.0,0.4579,80.0,50.0,0.0,0.0,7.59,96.0,
